delete from artesano;
delete from municipio;
delete from departamento;
INSERT INTO departamento (dept_id, dept_nombre) VALUES ('15', 'BOYACÁ');
INSERT INTO departamento (dept_id, dept_nombre) VALUES ('25', 'CUNDINAMARCA');
INSERT INTO `municipio` (`mun_id`, `mun_dept_id`, `mun_nombre`) VALUES ('15001', '15', 'TUNJA');
INSERT INTO `municipio` (`mun_id`, `mun_dept_id`, `mun_nombre`) VALUES ('15022', '15', 'ALMEIDA');
INSERT INTO `municipio` (`mun_id`, `mun_dept_id`, `mun_nombre`) VALUES ('15047', '15', 'AQUITANIA');
INSERT INTO `municipio` (`mun_id`, `mun_dept_id`, `mun_nombre`) VALUES ('15051', '15', 'ARCABUCO');
INSERT INTO `municipio` (`mun_id`, `mun_dept_id`, `mun_nombre`) VALUES ('15087', '15', 'BELÉN');
INSERT INTO `municipio` (`mun_id`, `mun_dept_id`, `mun_nombre`) VALUES ('15090', '15', 'BERBEO');
INSERT INTO `municipio` (`mun_id`, `mun_dept_id`, `mun_nombre`) VALUES ('15092', '15', 'BETÉITIVA');
INSERT INTO `municipio` (`mun_id`, `mun_dept_id`, `mun_nombre`) VALUES ('15097', '15', 'BOAVITA');
INSERT INTO `municipio` (`mun_id`, `mun_dept_id`, `mun_nombre`) VALUES ('15104', '15', 'BOYACÁ');
INSERT INTO `municipio` (`mun_id`, `mun_dept_id`, `mun_nombre`) VALUES ('15106', '15', 'BRICEÑO');
INSERT INTO `municipio` (`mun_id`, `mun_dept_id`, `mun_nombre`) VALUES ('15109', '15', 'BUENAVISTA');
INSERT INTO `municipio` (`mun_id`, `mun_dept_id`, `mun_nombre`) VALUES ('15114', '15', 'BUSBANZÁ');
INSERT INTO `municipio` (`mun_id`, `mun_dept_id`, `mun_nombre`) VALUES ('15131', '15', 'CALDAS');
INSERT INTO `municipio` (`mun_id`, `mun_dept_id`, `mun_nombre`) VALUES ('15135', '15', 'CAMPOHERMOSO');
INSERT INTO `municipio` (`mun_id`, `mun_dept_id`, `mun_nombre`) VALUES ('15162', '15', 'CERINZA');
INSERT INTO `municipio` (`mun_id`, `mun_dept_id`, `mun_nombre`) VALUES ('15172', '15', 'CHINAVITA');
INSERT INTO `municipio` (`mun_id`, `mun_dept_id`, `mun_nombre`) VALUES ('15176', '15', 'CHIQUINQUIRÁ');
INSERT INTO `municipio` (`mun_id`, `mun_dept_id`, `mun_nombre`) VALUES ('15180', '15', 'CHISCAS');
INSERT INTO `municipio` (`mun_id`, `mun_dept_id`, `mun_nombre`) VALUES ('15183', '15', 'CHITA');
INSERT INTO `municipio` (`mun_id`, `mun_dept_id`, `mun_nombre`) VALUES ('15185', '15', 'CHITARAQUE');
INSERT INTO `municipio` (`mun_id`, `mun_dept_id`, `mun_nombre`) VALUES ('15187', '15', 'CHIVATÁ');
INSERT INTO `municipio` (`mun_id`, `mun_dept_id`, `mun_nombre`) VALUES ('15189', '15', 'CIÉNEGA');
INSERT INTO `municipio` (`mun_id`, `mun_dept_id`, `mun_nombre`) VALUES ('15204', '15', 'CÓMBITA');
INSERT INTO `municipio` (`mun_id`, `mun_dept_id`, `mun_nombre`) VALUES ('15212', '15', 'COPER');
INSERT INTO `municipio` (`mun_id`, `mun_dept_id`, `mun_nombre`) VALUES ('15215', '15', 'CORRALES');
INSERT INTO `municipio` (`mun_id`, `mun_dept_id`, `mun_nombre`) VALUES ('15218', '15', 'COVARACHÍA');
INSERT INTO `municipio` (`mun_id`, `mun_dept_id`, `mun_nombre`) VALUES ('15223', '15', 'CUBARÁ');
INSERT INTO `municipio` (`mun_id`, `mun_dept_id`, `mun_nombre`) VALUES ('15224', '15', 'CUCAITA');
INSERT INTO `municipio` (`mun_id`, `mun_dept_id`, `mun_nombre`) VALUES ('15226', '15', 'CUÍTIVA');
INSERT INTO `municipio` (`mun_id`, `mun_dept_id`, `mun_nombre`) VALUES ('15232', '15', 'CHÍQUIZA');
INSERT INTO `municipio` (`mun_id`, `mun_dept_id`, `mun_nombre`) VALUES ('15236', '15', 'CHIVOR');
INSERT INTO `municipio` (`mun_id`, `mun_dept_id`, `mun_nombre`) VALUES ('15238', '15', 'DUITAMA');
INSERT INTO `municipio` (`mun_id`, `mun_dept_id`, `mun_nombre`) VALUES ('15244', '15', 'EL COCUY');
INSERT INTO `municipio` (`mun_id`, `mun_dept_id`, `mun_nombre`) VALUES ('15248', '15', 'EL ESPINO');
INSERT INTO `municipio` (`mun_id`, `mun_dept_id`, `mun_nombre`) VALUES ('15272', '15', 'FIRAVITOBA');
INSERT INTO `municipio` (`mun_id`, `mun_dept_id`, `mun_nombre`) VALUES ('15276', '15', 'FLORESTA');
INSERT INTO `municipio` (`mun_id`, `mun_dept_id`, `mun_nombre`) VALUES ('15293', '15', 'GACHANTIVÁ');
INSERT INTO `municipio` (`mun_id`, `mun_dept_id`, `mun_nombre`) VALUES ('15296', '15', 'GÁMEZA');
INSERT INTO `municipio` (`mun_id`, `mun_dept_id`, `mun_nombre`) VALUES ('15299', '15', 'GARAGOA');
INSERT INTO `municipio` (`mun_id`, `mun_dept_id`, `mun_nombre`) VALUES ('15317', '15', 'GUACAMAYAS');
INSERT INTO `municipio` (`mun_id`, `mun_dept_id`, `mun_nombre`) VALUES ('15322', '15', 'GUATEQUE');
INSERT INTO `municipio` (`mun_id`, `mun_dept_id`, `mun_nombre`) VALUES ('15325', '15', 'GUAYATÁ');
INSERT INTO `municipio` (`mun_id`, `mun_dept_id`, `mun_nombre`) VALUES ('15332', '15', 'GÜICÁN DE LA SIERRA');
INSERT INTO `municipio` (`mun_id`, `mun_dept_id`, `mun_nombre`) VALUES ('15362', '15', 'IZA');
INSERT INTO `municipio` (`mun_id`, `mun_dept_id`, `mun_nombre`) VALUES ('15367', '15', 'JENESANO');
INSERT INTO `municipio` (`mun_id`, `mun_dept_id`, `mun_nombre`) VALUES ('15368', '15', 'JERICÓ');
INSERT INTO `municipio` (`mun_id`, `mun_dept_id`, `mun_nombre`) VALUES ('15377', '15', 'LABRANZAGRANDE');
INSERT INTO `municipio` (`mun_id`, `mun_dept_id`, `mun_nombre`) VALUES ('15380', '15', 'LA CAPILLA');
INSERT INTO `municipio` (`mun_id`, `mun_dept_id`, `mun_nombre`) VALUES ('15401', '15', 'LA VICTORIA');
INSERT INTO `municipio` (`mun_id`, `mun_dept_id`, `mun_nombre`) VALUES ('15403', '15', 'LA UVITA');
INSERT INTO `municipio` (`mun_id`, `mun_dept_id`, `mun_nombre`) VALUES ('15407', '15', 'VILLA DE LEYVA');
INSERT INTO `municipio` (`mun_id`, `mun_dept_id`, `mun_nombre`) VALUES ('15425', '15', 'MACANAL');
INSERT INTO `municipio` (`mun_id`, `mun_dept_id`, `mun_nombre`) VALUES ('15442', '15', 'MARIPÍ');
INSERT INTO `municipio` (`mun_id`, `mun_dept_id`, `mun_nombre`) VALUES ('15455', '15', 'MIRAFLORES');
INSERT INTO `municipio` (`mun_id`, `mun_dept_id`, `mun_nombre`) VALUES ('15464', '15', 'MONGUA');
INSERT INTO `municipio` (`mun_id`, `mun_dept_id`, `mun_nombre`) VALUES ('15466', '15', 'MONGUÍ');
INSERT INTO `municipio` (`mun_id`, `mun_dept_id`, `mun_nombre`) VALUES ('15469', '15', 'MONIQUIRÁ');
INSERT INTO `municipio` (`mun_id`, `mun_dept_id`, `mun_nombre`) VALUES ('15476', '15', 'MOTAVITA');
INSERT INTO `municipio` (`mun_id`, `mun_dept_id`, `mun_nombre`) VALUES ('15480', '15', 'MUZO');
INSERT INTO `municipio` (`mun_id`, `mun_dept_id`, `mun_nombre`) VALUES ('15491', '15', 'NOBSA');
INSERT INTO `municipio` (`mun_id`, `mun_dept_id`, `mun_nombre`) VALUES ('15494', '15', 'NUEVO COLÓN');
INSERT INTO `municipio` (`mun_id`, `mun_dept_id`, `mun_nombre`) VALUES ('15500', '15', 'OICATÁ');
INSERT INTO `municipio` (`mun_id`, `mun_dept_id`, `mun_nombre`) VALUES ('15507', '15', 'OTANCHE');
INSERT INTO `municipio` (`mun_id`, `mun_dept_id`, `mun_nombre`) VALUES ('15511', '15', 'PACHAVITA');
INSERT INTO `municipio` (`mun_id`, `mun_dept_id`, `mun_nombre`) VALUES ('15514', '15', 'PÁEZ');
INSERT INTO `municipio` (`mun_id`, `mun_dept_id`, `mun_nombre`) VALUES ('15516', '15', 'PAIPA');
INSERT INTO `municipio` (`mun_id`, `mun_dept_id`, `mun_nombre`) VALUES ('15518', '15', 'PAJARITO');
INSERT INTO `municipio` (`mun_id`, `mun_dept_id`, `mun_nombre`) VALUES ('15522', '15', 'PANQUEBA');
INSERT INTO `municipio` (`mun_id`, `mun_dept_id`, `mun_nombre`) VALUES ('15531', '15', 'PAUNA');
INSERT INTO `municipio` (`mun_id`, `mun_dept_id`, `mun_nombre`) VALUES ('15533', '15', 'PAYA');
INSERT INTO `municipio` (`mun_id`, `mun_dept_id`, `mun_nombre`) VALUES ('15537', '15', 'PAZ DE RÍO');
INSERT INTO `municipio` (`mun_id`, `mun_dept_id`, `mun_nombre`) VALUES ('15542', '15', 'PESCA');
INSERT INTO `municipio` (`mun_id`, `mun_dept_id`, `mun_nombre`) VALUES ('15550', '15', 'PISBA');
INSERT INTO `municipio` (`mun_id`, `mun_dept_id`, `mun_nombre`) VALUES ('15572', '15', 'PUERTO BOYACÁ');
INSERT INTO `municipio` (`mun_id`, `mun_dept_id`, `mun_nombre`) VALUES ('15580', '15', 'QUÍPAMA');
INSERT INTO `municipio` (`mun_id`, `mun_dept_id`, `mun_nombre`) VALUES ('15599', '15', 'RAMIRIQUÍ');
INSERT INTO `municipio` (`mun_id`, `mun_dept_id`, `mun_nombre`) VALUES ('15600', '15', 'RÁQUIRA');
INSERT INTO `municipio` (`mun_id`, `mun_dept_id`, `mun_nombre`) VALUES ('15621', '15', 'RONDÓN');
INSERT INTO `municipio` (`mun_id`, `mun_dept_id`, `mun_nombre`) VALUES ('15632', '15', 'SABOYÁ');
INSERT INTO `municipio` (`mun_id`, `mun_dept_id`, `mun_nombre`) VALUES ('15638', '15', 'SÁCHICA');
INSERT INTO `municipio` (`mun_id`, `mun_dept_id`, `mun_nombre`) VALUES ('15646', '15', 'SAMACÁ');
INSERT INTO `municipio` (`mun_id`, `mun_dept_id`, `mun_nombre`) VALUES ('15660', '15', 'SAN EDUARDO');
INSERT INTO `municipio` (`mun_id`, `mun_dept_id`, `mun_nombre`) VALUES ('15664', '15', 'SAN JOSÉ DE PARE');
INSERT INTO `municipio` (`mun_id`, `mun_dept_id`, `mun_nombre`) VALUES ('15667', '15', 'SAN LUIS DE GACENO');
INSERT INTO `municipio` (`mun_id`, `mun_dept_id`, `mun_nombre`) VALUES ('15673', '15', 'SAN MATEO');
INSERT INTO `municipio` (`mun_id`, `mun_dept_id`, `mun_nombre`) VALUES ('15676', '15', 'SAN MIGUEL DE SEMA');
INSERT INTO `municipio` (`mun_id`, `mun_dept_id`, `mun_nombre`) VALUES ('15681', '15', 'SAN PABLO DE BORBUR');
INSERT INTO `municipio` (`mun_id`, `mun_dept_id`, `mun_nombre`) VALUES ('15686', '15', 'SANTANA');
INSERT INTO `municipio` (`mun_id`, `mun_dept_id`, `mun_nombre`) VALUES ('15690', '15', 'SANTA MARÍA');
INSERT INTO `municipio` (`mun_id`, `mun_dept_id`, `mun_nombre`) VALUES ('15693', '15', 'SANTA ROSA DE VITERBO');
INSERT INTO `municipio` (`mun_id`, `mun_dept_id`, `mun_nombre`) VALUES ('15696', '15', 'SANTA SOFÍA');
INSERT INTO `municipio` (`mun_id`, `mun_dept_id`, `mun_nombre`) VALUES ('15720', '15', 'SATIVANORTE');
INSERT INTO `municipio` (`mun_id`, `mun_dept_id`, `mun_nombre`) VALUES ('15723', '15', 'SATIVASUR');
INSERT INTO `municipio` (`mun_id`, `mun_dept_id`, `mun_nombre`) VALUES ('15740', '15', 'SIACHOQUE');
INSERT INTO `municipio` (`mun_id`, `mun_dept_id`, `mun_nombre`) VALUES ('15753', '15', 'SOATÁ');
INSERT INTO `municipio` (`mun_id`, `mun_dept_id`, `mun_nombre`) VALUES ('15755', '15', 'SOCOTÁ');
INSERT INTO `municipio` (`mun_id`, `mun_dept_id`, `mun_nombre`) VALUES ('15757', '15', 'SOCHA');
INSERT INTO `municipio` (`mun_id`, `mun_dept_id`, `mun_nombre`) VALUES ('15759', '15', 'SOGAMOSO');
INSERT INTO `municipio` (`mun_id`, `mun_dept_id`, `mun_nombre`) VALUES ('15761', '15', 'SOMONDOCO');
INSERT INTO `municipio` (`mun_id`, `mun_dept_id`, `mun_nombre`) VALUES ('15762', '15', 'SORA');
INSERT INTO `municipio` (`mun_id`, `mun_dept_id`, `mun_nombre`) VALUES ('15763', '15', 'SOTAQUIRÁ');
INSERT INTO `municipio` (`mun_id`, `mun_dept_id`, `mun_nombre`) VALUES ('15764', '15', 'SORACÁ');
INSERT INTO `municipio` (`mun_id`, `mun_dept_id`, `mun_nombre`) VALUES ('15774', '15', 'SUSACÓN');
INSERT INTO `municipio` (`mun_id`, `mun_dept_id`, `mun_nombre`) VALUES ('15776', '15', 'SUTAMARCHÁN');
INSERT INTO `municipio` (`mun_id`, `mun_dept_id`, `mun_nombre`) VALUES ('15778', '15', 'SUTATENZA');
INSERT INTO `municipio` (`mun_id`, `mun_dept_id`, `mun_nombre`) VALUES ('15790', '15', 'TASCO');
INSERT INTO `municipio` (`mun_id`, `mun_dept_id`, `mun_nombre`) VALUES ('15798', '15', 'TENZA');
INSERT INTO `municipio` (`mun_id`, `mun_dept_id`, `mun_nombre`) VALUES ('15804', '15', 'TIBANÁ');
INSERT INTO `municipio` (`mun_id`, `mun_dept_id`, `mun_nombre`) VALUES ('15806', '15', 'TIBASOSA');
INSERT INTO `municipio` (`mun_id`, `mun_dept_id`, `mun_nombre`) VALUES ('15808', '15', 'TINJACÁ');
INSERT INTO `municipio` (`mun_id`, `mun_dept_id`, `mun_nombre`) VALUES ('15810', '15', 'TIPACOQUE');
INSERT INTO `municipio` (`mun_id`, `mun_dept_id`, `mun_nombre`) VALUES ('15814', '15', 'TOCA');
INSERT INTO `municipio` (`mun_id`, `mun_dept_id`, `mun_nombre`) VALUES ('15816', '15', 'TOGÜÍ');
INSERT INTO `municipio` (`mun_id`, `mun_dept_id`, `mun_nombre`) VALUES ('15820', '15', 'TÓPAGA');
INSERT INTO `municipio` (`mun_id`, `mun_dept_id`, `mun_nombre`) VALUES ('15822', '15', 'TOTA');
INSERT INTO `municipio` (`mun_id`, `mun_dept_id`, `mun_nombre`) VALUES ('15832', '15', 'TUNUNGUÁ');
INSERT INTO `municipio` (`mun_id`, `mun_dept_id`, `mun_nombre`) VALUES ('15835', '15', 'TURMEQUÉ');
INSERT INTO `municipio` (`mun_id`, `mun_dept_id`, `mun_nombre`) VALUES ('15837', '15', 'TUTA');
INSERT INTO `municipio` (`mun_id`, `mun_dept_id`, `mun_nombre`) VALUES ('15839', '15', 'TUTAZÁ');
INSERT INTO `municipio` (`mun_id`, `mun_dept_id`, `mun_nombre`) VALUES ('15842', '15', 'ÚMBITA');
INSERT INTO `municipio` (`mun_id`, `mun_dept_id`, `mun_nombre`) VALUES ('15861', '15', 'VENTAQUEMADA');
INSERT INTO `municipio` (`mun_id`, `mun_dept_id`, `mun_nombre`) VALUES ('15879', '15', 'VIRACACHÁ');
INSERT INTO `municipio` (`mun_id`, `mun_dept_id`, `mun_nombre`) VALUES ('15897', '15', 'ZETAQUIRA');
INSERT INTO `municipio` (`mun_id`, `mun_dept_id`, `mun_nombre`) VALUES ('25001', '25', 'AGUA DE DIOS');
INSERT INTO `municipio` (`mun_id`, `mun_dept_id`, `mun_nombre`) VALUES ('25019', '25', 'ALBÁN');
INSERT INTO `municipio` (`mun_id`, `mun_dept_id`, `mun_nombre`) VALUES ('25035', '25', 'ANAPOIMA');
INSERT INTO `municipio` (`mun_id`, `mun_dept_id`, `mun_nombre`) VALUES ('25040', '25', 'ANOLAIMA');
INSERT INTO `municipio` (`mun_id`, `mun_dept_id`, `mun_nombre`) VALUES ('25053', '25', 'ARBELÁEZ');
INSERT INTO `municipio` (`mun_id`, `mun_dept_id`, `mun_nombre`) VALUES ('25086', '25', 'BELTRÁN');
INSERT INTO `municipio` (`mun_id`, `mun_dept_id`, `mun_nombre`) VALUES ('25095', '25', 'BITUIMA');
INSERT INTO `municipio` (`mun_id`, `mun_dept_id`, `mun_nombre`) VALUES ('25099', '25', 'BOJACÁ');
INSERT INTO `municipio` (`mun_id`, `mun_dept_id`, `mun_nombre`) VALUES ('25120', '25', 'CABRERA');
INSERT INTO `municipio` (`mun_id`, `mun_dept_id`, `mun_nombre`) VALUES ('25123', '25', 'CACHIPAY');
INSERT INTO `municipio` (`mun_id`, `mun_dept_id`, `mun_nombre`) VALUES ('25126', '25', 'CAJICÁ');
INSERT INTO `municipio` (`mun_id`, `mun_dept_id`, `mun_nombre`) VALUES ('25148', '25', 'CAPARRAPÍ');
INSERT INTO `municipio` (`mun_id`, `mun_dept_id`, `mun_nombre`) VALUES ('25151', '25', 'CÁQUEZA');
INSERT INTO `municipio` (`mun_id`, `mun_dept_id`, `mun_nombre`) VALUES ('25154', '25', 'CARMEN DE CARUPA');
INSERT INTO `municipio` (`mun_id`, `mun_dept_id`, `mun_nombre`) VALUES ('25168', '25', 'CHAGUANÍ');
INSERT INTO `municipio` (`mun_id`, `mun_dept_id`, `mun_nombre`) VALUES ('25175', '25', 'CHÍA');
INSERT INTO `municipio` (`mun_id`, `mun_dept_id`, `mun_nombre`) VALUES ('25178', '25', 'CHIPAQUE');
INSERT INTO `municipio` (`mun_id`, `mun_dept_id`, `mun_nombre`) VALUES ('25181', '25', 'CHOACHÍ');
INSERT INTO `municipio` (`mun_id`, `mun_dept_id`, `mun_nombre`) VALUES ('25183', '25', 'CHOCONTÁ');
INSERT INTO `municipio` (`mun_id`, `mun_dept_id`, `mun_nombre`) VALUES ('25200', '25', 'COGUA');
INSERT INTO `municipio` (`mun_id`, `mun_dept_id`, `mun_nombre`) VALUES ('25214', '25', 'COTA');
INSERT INTO `municipio` (`mun_id`, `mun_dept_id`, `mun_nombre`) VALUES ('25224', '25', 'CUCUNUBÁ');
INSERT INTO `municipio` (`mun_id`, `mun_dept_id`, `mun_nombre`) VALUES ('25245', '25', 'EL COLEGIO');
INSERT INTO `municipio` (`mun_id`, `mun_dept_id`, `mun_nombre`) VALUES ('25258', '25', 'EL PEÑÓN');
INSERT INTO `municipio` (`mun_id`, `mun_dept_id`, `mun_nombre`) VALUES ('25260', '25', 'EL ROSAL');
INSERT INTO `municipio` (`mun_id`, `mun_dept_id`, `mun_nombre`) VALUES ('25269', '25', 'FACATATIVÁ');
INSERT INTO `municipio` (`mun_id`, `mun_dept_id`, `mun_nombre`) VALUES ('25279', '25', 'FÓMEQUE');
INSERT INTO `municipio` (`mun_id`, `mun_dept_id`, `mun_nombre`) VALUES ('25281', '25', 'FOSCA');
INSERT INTO `municipio` (`mun_id`, `mun_dept_id`, `mun_nombre`) VALUES ('25286', '25', 'FUNZA');
INSERT INTO `municipio` (`mun_id`, `mun_dept_id`, `mun_nombre`) VALUES ('25288', '25', 'FÚQUENE');
INSERT INTO `municipio` (`mun_id`, `mun_dept_id`, `mun_nombre`) VALUES ('25290', '25', 'FUSAGASUGÁ');
INSERT INTO `municipio` (`mun_id`, `mun_dept_id`, `mun_nombre`) VALUES ('25293', '25', 'GACHALÁ');
INSERT INTO `municipio` (`mun_id`, `mun_dept_id`, `mun_nombre`) VALUES ('25295', '25', 'GACHANCIPÁ');
INSERT INTO `municipio` (`mun_id`, `mun_dept_id`, `mun_nombre`) VALUES ('25297', '25', 'GACHETÁ');
INSERT INTO `municipio` (`mun_id`, `mun_dept_id`, `mun_nombre`) VALUES ('25299', '25', 'GAMA');
INSERT INTO `municipio` (`mun_id`, `mun_dept_id`, `mun_nombre`) VALUES ('25307', '25', 'GIRARDOT');
INSERT INTO `municipio` (`mun_id`, `mun_dept_id`, `mun_nombre`) VALUES ('25312', '25', 'GRANADA');
INSERT INTO `municipio` (`mun_id`, `mun_dept_id`, `mun_nombre`) VALUES ('25317', '25', 'GUACHETÁ');
INSERT INTO `municipio` (`mun_id`, `mun_dept_id`, `mun_nombre`) VALUES ('25320', '25', 'GUADUAS');
INSERT INTO `municipio` (`mun_id`, `mun_dept_id`, `mun_nombre`) VALUES ('25322', '25', 'GUASCA');
INSERT INTO `municipio` (`mun_id`, `mun_dept_id`, `mun_nombre`) VALUES ('25324', '25', 'GUATAQUÍ');
INSERT INTO `municipio` (`mun_id`, `mun_dept_id`, `mun_nombre`) VALUES ('25326', '25', 'GUATAVITA');
INSERT INTO `municipio` (`mun_id`, `mun_dept_id`, `mun_nombre`) VALUES ('25328', '25', 'GUAYABAL DE SÍQUIMA');
INSERT INTO `municipio` (`mun_id`, `mun_dept_id`, `mun_nombre`) VALUES ('25335', '25', 'GUAYABETAL');
INSERT INTO `municipio` (`mun_id`, `mun_dept_id`, `mun_nombre`) VALUES ('25339', '25', 'GUTIÉRREZ');
INSERT INTO `municipio` (`mun_id`, `mun_dept_id`, `mun_nombre`) VALUES ('25368', '25', 'JERUSALÉN');
INSERT INTO `municipio` (`mun_id`, `mun_dept_id`, `mun_nombre`) VALUES ('25372', '25', 'JUNÍN');
INSERT INTO `municipio` (`mun_id`, `mun_dept_id`, `mun_nombre`) VALUES ('25377', '25', 'LA CALERA');
INSERT INTO `municipio` (`mun_id`, `mun_dept_id`, `mun_nombre`) VALUES ('25386', '25', 'LA MESA');
INSERT INTO `municipio` (`mun_id`, `mun_dept_id`, `mun_nombre`) VALUES ('25394', '25', 'LA PALMA');
INSERT INTO `municipio` (`mun_id`, `mun_dept_id`, `mun_nombre`) VALUES ('25398', '25', 'LA PEÑA');
INSERT INTO `municipio` (`mun_id`, `mun_dept_id`, `mun_nombre`) VALUES ('25402', '25', 'LA VEGA');
INSERT INTO `municipio` (`mun_id`, `mun_dept_id`, `mun_nombre`) VALUES ('25407', '25', 'LENGUAZAQUE');
INSERT INTO `municipio` (`mun_id`, `mun_dept_id`, `mun_nombre`) VALUES ('25426', '25', 'MACHETÁ');
INSERT INTO `municipio` (`mun_id`, `mun_dept_id`, `mun_nombre`) VALUES ('25430', '25', 'MADRID');
INSERT INTO `municipio` (`mun_id`, `mun_dept_id`, `mun_nombre`) VALUES ('25436', '25', 'MANTA');
INSERT INTO `municipio` (`mun_id`, `mun_dept_id`, `mun_nombre`) VALUES ('25438', '25', 'MEDINA');
INSERT INTO `municipio` (`mun_id`, `mun_dept_id`, `mun_nombre`) VALUES ('25473', '25', 'MOSQUERA');
INSERT INTO `municipio` (`mun_id`, `mun_dept_id`, `mun_nombre`) VALUES ('25483', '25', 'NARIÑO');
INSERT INTO `municipio` (`mun_id`, `mun_dept_id`, `mun_nombre`) VALUES ('25486', '25', 'NEMOCÓN');
INSERT INTO `municipio` (`mun_id`, `mun_dept_id`, `mun_nombre`) VALUES ('25488', '25', 'NILO');
INSERT INTO `municipio` (`mun_id`, `mun_dept_id`, `mun_nombre`) VALUES ('25489', '25', 'NIMAIMA');
INSERT INTO `municipio` (`mun_id`, `mun_dept_id`, `mun_nombre`) VALUES ('25491', '25', 'NOCAIMA');
INSERT INTO `municipio` (`mun_id`, `mun_dept_id`, `mun_nombre`) VALUES ('25506', '25', 'VENECIA');
INSERT INTO `municipio` (`mun_id`, `mun_dept_id`, `mun_nombre`) VALUES ('25513', '25', 'PACHO');
INSERT INTO `municipio` (`mun_id`, `mun_dept_id`, `mun_nombre`) VALUES ('25518', '25', 'PAIME');
INSERT INTO `municipio` (`mun_id`, `mun_dept_id`, `mun_nombre`) VALUES ('25524', '25', 'PANDI');
INSERT INTO `municipio` (`mun_id`, `mun_dept_id`, `mun_nombre`) VALUES ('25530', '25', 'PARATEBUENO');
INSERT INTO `municipio` (`mun_id`, `mun_dept_id`, `mun_nombre`) VALUES ('25535', '25', 'PASCA');
INSERT INTO `municipio` (`mun_id`, `mun_dept_id`, `mun_nombre`) VALUES ('25572', '25', 'PUERTO SALGAR');
INSERT INTO `municipio` (`mun_id`, `mun_dept_id`, `mun_nombre`) VALUES ('25580', '25', 'PULÍ');
INSERT INTO `municipio` (`mun_id`, `mun_dept_id`, `mun_nombre`) VALUES ('25592', '25', 'QUEBRADANEGRA');
INSERT INTO `municipio` (`mun_id`, `mun_dept_id`, `mun_nombre`) VALUES ('25594', '25', 'QUETAME');
INSERT INTO `municipio` (`mun_id`, `mun_dept_id`, `mun_nombre`) VALUES ('25596', '25', 'QUIPILE');
INSERT INTO `municipio` (`mun_id`, `mun_dept_id`, `mun_nombre`) VALUES ('25599', '25', 'APULO');
INSERT INTO `municipio` (`mun_id`, `mun_dept_id`, `mun_nombre`) VALUES ('25612', '25', 'RICAURTE');
INSERT INTO `municipio` (`mun_id`, `mun_dept_id`, `mun_nombre`) VALUES ('25645', '25', 'SAN ANTONIO DEL TEQUENDAMA');
INSERT INTO `municipio` (`mun_id`, `mun_dept_id`, `mun_nombre`) VALUES ('25649', '25', 'SAN BERNARDO');
INSERT INTO `municipio` (`mun_id`, `mun_dept_id`, `mun_nombre`) VALUES ('25653', '25', 'SAN CAYETANO');
INSERT INTO `municipio` (`mun_id`, `mun_dept_id`, `mun_nombre`) VALUES ('25658', '25', 'SAN FRANCISCO');
INSERT INTO `municipio` (`mun_id`, `mun_dept_id`, `mun_nombre`) VALUES ('25662', '25', 'SAN JUAN DE RIOSECO');
INSERT INTO `municipio` (`mun_id`, `mun_dept_id`, `mun_nombre`) VALUES ('25718', '25', 'SASAIMA');
INSERT INTO `municipio` (`mun_id`, `mun_dept_id`, `mun_nombre`) VALUES ('25736', '25', 'SESQUILÉ');
INSERT INTO `municipio` (`mun_id`, `mun_dept_id`, `mun_nombre`) VALUES ('25740', '25', 'SIBATÉ');
INSERT INTO `municipio` (`mun_id`, `mun_dept_id`, `mun_nombre`) VALUES ('25743', '25', 'SILVANIA');
INSERT INTO `municipio` (`mun_id`, `mun_dept_id`, `mun_nombre`) VALUES ('25745', '25', 'SIMIJACA');
INSERT INTO `municipio` (`mun_id`, `mun_dept_id`, `mun_nombre`) VALUES ('25754', '25', 'SOACHA');
INSERT INTO `municipio` (`mun_id`, `mun_dept_id`, `mun_nombre`) VALUES ('25758', '25', 'SOPÓ');
INSERT INTO `municipio` (`mun_id`, `mun_dept_id`, `mun_nombre`) VALUES ('25769', '25', 'SUBACHOQUE');
INSERT INTO `municipio` (`mun_id`, `mun_dept_id`, `mun_nombre`) VALUES ('25772', '25', 'SUESCA');
INSERT INTO `municipio` (`mun_id`, `mun_dept_id`, `mun_nombre`) VALUES ('25777', '25', 'SUPATÁ');
INSERT INTO `municipio` (`mun_id`, `mun_dept_id`, `mun_nombre`) VALUES ('25779', '25', 'SUSA');
INSERT INTO `municipio` (`mun_id`, `mun_dept_id`, `mun_nombre`) VALUES ('25781', '25', 'SUTATAUSA');
INSERT INTO `municipio` (`mun_id`, `mun_dept_id`, `mun_nombre`) VALUES ('25785', '25', 'TABIO');
INSERT INTO `municipio` (`mun_id`, `mun_dept_id`, `mun_nombre`) VALUES ('25793', '25', 'TAUSA');
INSERT INTO `municipio` (`mun_id`, `mun_dept_id`, `mun_nombre`) VALUES ('25797', '25', 'TENA');
INSERT INTO `municipio` (`mun_id`, `mun_dept_id`, `mun_nombre`) VALUES ('25799', '25', 'TENJO');
INSERT INTO `municipio` (`mun_id`, `mun_dept_id`, `mun_nombre`) VALUES ('25805', '25', 'TIBACUY');
INSERT INTO `municipio` (`mun_id`, `mun_dept_id`, `mun_nombre`) VALUES ('25807', '25', 'TIBIRITA');
INSERT INTO `municipio` (`mun_id`, `mun_dept_id`, `mun_nombre`) VALUES ('25815', '25', 'TOCAIMA');
INSERT INTO `municipio` (`mun_id`, `mun_dept_id`, `mun_nombre`) VALUES ('25817', '25', 'TOCANCIPÁ');
INSERT INTO `municipio` (`mun_id`, `mun_dept_id`, `mun_nombre`) VALUES ('25823', '25', 'TOPAIPÍ');
INSERT INTO `municipio` (`mun_id`, `mun_dept_id`, `mun_nombre`) VALUES ('25839', '25', 'UBALÁ');
INSERT INTO `municipio` (`mun_id`, `mun_dept_id`, `mun_nombre`) VALUES ('25841', '25', 'UBAQUE');
INSERT INTO `municipio` (`mun_id`, `mun_dept_id`, `mun_nombre`) VALUES ('25843', '25', 'VILLA DE SAN DIEGO DE UBATÉ');
INSERT INTO `municipio` (`mun_id`, `mun_dept_id`, `mun_nombre`) VALUES ('25845', '25', 'UNE');
INSERT INTO `municipio` (`mun_id`, `mun_dept_id`, `mun_nombre`) VALUES ('25851', '25', 'ÚTICA');
INSERT INTO `municipio` (`mun_id`, `mun_dept_id`, `mun_nombre`) VALUES ('25862', '25', 'VERGARA');
INSERT INTO `municipio` (`mun_id`, `mun_dept_id`, `mun_nombre`) VALUES ('25867', '25', 'VIANÍ');
INSERT INTO `municipio` (`mun_id`, `mun_dept_id`, `mun_nombre`) VALUES ('25871', '25', 'VILLAGÓMEZ');
INSERT INTO `municipio` (`mun_id`, `mun_dept_id`, `mun_nombre`) VALUES ('25873', '25', 'VILLAPINZÓN');
INSERT INTO `municipio` (`mun_id`, `mun_dept_id`, `mun_nombre`) VALUES ('25875', '25', 'VILLETA');
INSERT INTO `municipio` (`mun_id`, `mun_dept_id`, `mun_nombre`) VALUES ('25878', '25', 'VIOTÁ');
INSERT INTO `municipio` (`mun_id`, `mun_dept_id`, `mun_nombre`) VALUES ('25885', '25', 'YACOPÍ');
INSERT INTO `municipio` (`mun_id`, `mun_dept_id`, `mun_nombre`) VALUES ('25898', '25', 'ZIPACÓN');
INSERT INTO `municipio` (`mun_id`, `mun_dept_id`, `mun_nombre`) VALUES ('25899', '25', 'ZIPAQUIRÁ');
INSERT INTO `artesano` (`art_id`, `art_mun_id`, `art_nombres`, `art_apellidos`, `art_razon_social`, `art_descripccion`, `art_email`, `art_celular`) VALUES(1, '15001', 'Juan', 'Pérez', 'Artesanías Pérez', 'Artesano especializado en cerámica.', 'juan.perez@example.com', '3112345678');
INSERT INTO `artesano` (`art_id`, `art_mun_id`, `art_nombres`, `art_apellidos`, `art_razon_social`, `art_descripccion`, `art_email`, `art_celular`) VALUES(2, '15022', 'María', 'García', 'Tejidos García', 'Tejidos a mano de alta calidad.', 'maria.garcia@example.com', '3123456789');
INSERT INTO `artesano` (`art_id`, `art_mun_id`, `art_nombres`, `art_apellidos`, `art_razon_social`, `art_descripccion`, `art_email`, `art_celular`) VALUES(3, '15047', 'Carlos', 'Ramírez', 'Carpintería Ramírez', 'Muebles y decoraciones en madera.', 'carlos.ramirez@example.com', '3134567890');
INSERT INTO `artesano` (`art_id`, `art_mun_id`, `art_nombres`, `art_apellidos`, `art_razon_social`, `art_descripccion`, `art_email`, `art_celular`) VALUES(4, '15051', 'Ana', 'Rodríguez', 'Joyas Rodríguez', 'Joyas artesanales en plata y oro.', 'ana.rodriguez@example.com', '3145678901');
INSERT INTO `artesano` (`art_id`, `art_mun_id`, `art_nombres`, `art_apellidos`, `art_razon_social`, `art_descripccion`, `art_email`, `art_celular`) VALUES(5, '15087', 'Luis', 'Martínez', 'Pinturas Martínez', 'Cuadros y murales artísticos.', 'luis.martinez@example.com', '3156789012');
INSERT INTO `artesano` (`art_id`, `art_mun_id`, `art_nombres`, `art_apellidos`, `art_razon_social`, `art_descripccion`, `art_email`, `art_celular`) VALUES(6, '15090', 'Laura', 'Hernández', 'Cerámicas Hernández', 'Cerámicas y porcelanas decorativas.', 'laura.hernandez@example.com', '3167890123');
INSERT INTO `artesano` (`art_id`, `art_mun_id`, `art_nombres`, `art_apellidos`, `art_razon_social`, `art_descripccion`, `art_email`, `art_celular`) VALUES(7, '15092', 'Pedro', 'López', 'Artesanías López', 'Esculturas y figuras en madera.', 'pedro.lopez@example.com', '3178901234');
INSERT INTO `artesano` (`art_id`, `art_mun_id`, `art_nombres`, `art_apellidos`, `art_razon_social`, `art_descripccion`, `art_email`, `art_celular`) VALUES(8, '15097', 'Sofía', 'González', 'Tejidos González', 'Ropa y accesorios tejidos a mano.', 'sofia.gonzalez@example.com', '3189012345');
INSERT INTO `artesano` (`art_id`, `art_mun_id`, `art_nombres`, `art_apellidos`, `art_razon_social`, `art_descripccion`, `art_email`, `art_celular`) VALUES(9, '15104', 'Miguel', 'Sánchez', 'Cuero Sánchez', 'Productos de cuero artesanal.', 'miguel.sanchez@example.com', '3190123456');
INSERT INTO `artesano` (`art_id`, `art_mun_id`, `art_nombres`, `art_apellidos`, `art_razon_social`, `art_descripccion`, `art_email`, `art_celular`) VALUES(10, '15106', 'Carmen', 'Torres', 'Artesanías Torres', 'Artesanías en piedra y mármol.', 'carmen.torres@example.com', '3201234567');
INSERT INTO `artesano` (`art_id`, `art_mun_id`, `art_nombres`, `art_apellidos`, `art_razon_social`, `art_descripccion`, `art_email`, `art_celular`) VALUES(11, '15109', 'Jorge', 'Díaz', 'Muebles Díaz', 'Fabricación de muebles rústicos.', 'jorge.diaz@example.com', '3212345678');
INSERT INTO `artesano` (`art_id`, `art_mun_id`, `art_nombres`, `art_apellidos`, `art_razon_social`, `art_descripccion`, `art_email`, `art_celular`) VALUES(12, '15114', 'Valeria', 'Fernández', 'Tejidos Fernández', 'Chales y bufandas tejidas.', 'valeria.fernandez@example.com', '3223456789');
INSERT INTO `artesano` (`art_id`, `art_mun_id`, `art_nombres`, `art_apellidos`, `art_razon_social`, `art_descripccion`, `art_email`, `art_celular`) VALUES(13, '15131', 'Diego', 'Paredes', 'Artesanías Paredes', 'Artesanías con materiales reciclados.', 'diego.paredes@example.com', '3234567890');
INSERT INTO `artesano` (`art_id`, `art_mun_id`, `art_nombres`, `art_apellidos`, `art_razon_social`, `art_descripccion`, `art_email`, `art_celular`) VALUES(14, '15135', 'Isabel', 'Ruiz', 'Cerámicas Ruiz', 'Cerámicas para el hogar.', 'isabel.ruiz@example.com', '3245678901');
INSERT INTO `artesano` (`art_id`, `art_mun_id`, `art_nombres`, `art_apellidos`, `art_razon_social`, `art_descripccion`, `art_email`, `art_celular`) VALUES(15, '15162', 'Andrés', 'Ortiz', 'Joyas Ortiz', 'Anillos y collares artesanales.', 'andres.ortiz@example.com', '3256789012');
INSERT INTO `artesano` (`art_id`, `art_mun_id`, `art_nombres`, `art_apellidos`, `art_razon_social`, `art_descripccion`, `art_email`, `art_celular`) VALUES(16, '15172', 'Julia', 'Moreno', 'Tejidos Moreno', 'Ropa de bebé tejida a mano.', 'julia.moreno@example.com', '3267890123');
INSERT INTO `artesano` (`art_id`, `art_mun_id`, `art_nombres`, `art_apellidos`, `art_razon_social`, `art_descripccion`, `art_email`, `art_celular`) VALUES(17, '15176', 'Ricardo', 'Rojas', 'Carpintería Rojas', 'Muebles a medida en madera.', 'ricardo.rojas@example.com', '3278901234');
INSERT INTO `artesano` (`art_id`, `art_mun_id`, `art_nombres`, `art_apellidos`, `art_razon_social`, `art_descripccion`, `art_email`, `art_celular`) VALUES(18, '15180', 'Paola', 'Navarro', 'Artesanías Navarro', 'Figuras decorativas en barro.', 'paola.navarro@example.com', '3289012345');
INSERT INTO `artesano` (`art_id`, `art_mun_id`, `art_nombres`, `art_apellidos`, `art_razon_social`, `art_descripccion`, `art_email`, `art_celular`) VALUES(19, '15183', 'Fernando', 'Mendoza', 'Pinturas Mendoza', 'Pinturas artísticas al óleo.', 'fernando.mendoza@example.com', '3290123456');
INSERT INTO `artesano` (`art_id`, `art_mun_id`, `art_nombres`, `art_apellidos`, `art_razon_social`, `art_descripccion`, `art_email`, `art_celular`) VALUES(20, '15185', 'Adriana', 'Romero', 'Tejidos Romero', 'Accesorios tejidos en lana.', 'adriana.romero@example.com', '3301234567');
INSERT INTO `artesano` (`art_id`, `art_mun_id`, `art_nombres`, `art_apellidos`, `art_razon_social`, `art_descripccion`, `art_email`, `art_celular`) VALUES(21, '15187', 'Hugo', 'Vargas', 'Cerámicas Vargas', 'Vajillas y utensilios de cerámica.', 'hugo.vargas@example.com', '3312345678');
INSERT INTO `artesano` (`art_id`, `art_mun_id`, `art_nombres`, `art_apellidos`, `art_razon_social`, `art_descripccion`, `art_email`, `art_celular`) VALUES(22, '15189', 'Patricia', 'Guerrero', 'Joyas Guerrero', 'Joyas con piedras preciosas.', 'patricia.guerrero@example.com', '3323456789');
INSERT INTO `artesano` (`art_id`, `art_mun_id`, `art_nombres`, `art_apellidos`, `art_razon_social`, `art_descripccion`, `art_email`, `art_celular`) VALUES(23, '15204', 'Gustavo', 'Castro', 'Artesanías Castro', 'Figuras en barro y cerámica.', 'gustavo.castro@example.com', '3334567890');
INSERT INTO `artesano` (`art_id`, `art_mun_id`, `art_nombres`, `art_apellidos`, `art_razon_social`, `art_descripccion`, `art_email`, `art_celular`) VALUES(24, '15212', 'Rosa', 'Molina', 'Tejidos Molina', 'Ropa y accesorios tejidos.', 'rosa.molina@example.com', '3345678901');
INSERT INTO `artesano` (`art_id`, `art_mun_id`, `art_nombres`, `art_apellidos`, `art_razon_social`, `art_descripccion`, `art_email`, `art_celular`) VALUES(25, '15215', 'Daniel', 'Suárez', 'Carpintería Suárez', 'Muebles y decoraciones en madera.', 'daniel.suarez@example.com', '3356789012');
INSERT INTO `artesano` (`art_id`, `art_mun_id`, `art_nombres`, `art_apellidos`, `art_razon_social`, `art_descripccion`, `art_email`, `art_celular`) VALUES(26, '15218', 'Lucía', 'Reyes', 'Cerámicas Reyes', 'Artesanías en cerámica decorativa.', 'lucia.reyes@example.com', '3367890123');
INSERT INTO `artesano` (`art_id`, `art_mun_id`, `art_nombres`, `art_apellidos`, `art_razon_social`, `art_descripccion`, `art_email`, `art_celular`) VALUES(27, '15223', 'Marcos', 'Pinto', 'Artesanías Pinto', 'Artesanías en piedra y mármol.', 'marcos.pinto@example.com', '3378901234');
INSERT INTO `artesano` (`art_id`, `art_mun_id`, `art_nombres`, `art_apellidos`, `art_razon_social`, `art_descripccion`, `art_email`, `art_celular`) VALUES(28, '15224', 'Alejandra', 'Santos', 'Tejidos Santos', 'Accesorios tejidos en crochet.', 'alejandra.santos@example.com', '3389012345');
INSERT INTO `artesano` (`art_id`, `art_mun_id`, `art_nombres`, `art_apellidos`, `art_razon_social`, `art_descripccion`, `art_email`, `art_celular`) VALUES(29, '15226', 'Sebastián', 'Lara', 'Joyas Lara', 'Anillos y collares en plata.', 'sebastian.lara@example.com', '3390123456');
INSERT INTO `artesano` (`art_id`, `art_mun_id`, `art_nombres`, `art_apellidos`, `art_razon_social`, `art_descripccion`, `art_email`, `art_celular`) VALUES(30, '15232', 'Verónica', 'Guzmán', 'Cerámicas Guzmán', 'Vajillas y decoraciones en cerámica.', 'veronica.guzman@example.com', '3401234567');
INSERT INTO `artesano` (`art_id`, `art_mun_id`, `art_nombres`, `art_apellidos`, `art_razon_social`, `art_descripccion`, `art_email`, `art_celular`) VALUES(31, '15236', 'Francisco', 'Peña', 'Artesanías Peña', 'Figuras decorativas en madera.', 'francisco.pena@example.com', '3412345678');
INSERT INTO `artesano` (`art_id`, `art_mun_id`, `art_nombres`, `art_apellidos`, `art_razon_social`, `art_descripccion`, `art_email`, `art_celular`) VALUES(32, '15238', 'Carolina', 'Mora', 'Tejidos Mora', 'Ropa y accesorios tejidos a mano.', 'carolina.mora@example.com', '3423456789');
INSERT INTO `artesano` (`art_id`, `art_mun_id`, `art_nombres`, `art_apellidos`, `art_razon_social`, `art_descripccion`, `art_email`, `art_celular`) VALUES(33, '15244', 'Roberto', 'Mejía', 'Carpintería Mejía', 'Muebles rústicos y decoraciones.', 'roberto.mejia@example.com', '3434567890');
INSERT INTO `artesano` (`art_id`, `art_mun_id`, `art_nombres`, `art_apellidos`, `art_razon_social`, `art_descripccion`, `art_email`, `art_celular`) VALUES(34, '15248', 'Lorena', 'Valencia', 'Cerámicas Valencia', 'Cerámicas para el hogar y decoración.', 'lorena.valencia@example.com', '3445678901');
INSERT INTO `artesano` (`art_id`, `art_mun_id`, `art_nombres`, `art_apellidos`, `art_razon_social`, `art_descripccion`, `art_email`, `art_celular`) VALUES(35, '15272', 'Javier', 'Montoya', 'Artesanías Montoya', 'Artesanías con materiales reciclados.', 'javier.montoya@example.com', '3456789012');
INSERT INTO `artesano` (`art_id`, `art_mun_id`, `art_nombres`, `art_apellidos`, `art_razon_social`, `art_descripccion`, `art_email`, `art_celular`) VALUES(36, '15276', 'Natalia', 'Muñoz', 'Tejidos Muñoz', 'Accesorios tejidos en lana.', 'natalia.munoz@example.com', '3467890123');
INSERT INTO `artesano` (`art_id`, `art_mun_id`, `art_nombres`, `art_apellidos`, `art_razon_social`, `art_descripccion`, `art_email`, `art_celular`) VALUES(37, '15293', 'Alberto', 'Rivera', 'Carpintería Rivera', 'Muebles a medida en madera.', 'alberto.rivera@example.com', '3478901234');
INSERT INTO `artesano` (`art_id`, `art_mun_id`, `art_nombres`, `art_apellidos`, `art_razon_social`, `art_descripccion`, `art_email`, `art_celular`) VALUES(38, '15296', 'Cristina', 'Román', 'Cerámicas Román', 'Vajillas y utensilios de cerámica.', 'cristina.roman@example.com', '3489012345');
INSERT INTO `artesano` (`art_id`, `art_mun_id`, `art_nombres`, `art_apellidos`, `art_razon_social`, `art_descripccion`, `art_email`, `art_celular`) VALUES(39, '15299', 'Ángel', 'Campos', 'Joyas Campos', 'Joyas con piedras preciosas.', 'angel.campos@example.com', '3490123456');
INSERT INTO `artesano` (`art_id`, `art_mun_id`, `art_nombres`, `art_apellidos`, `art_razon_social`, `art_descripccion`, `art_email`, `art_celular`) VALUES(40, '15317', 'Marta', 'Vargas', 'Tejidos Vargas', 'Chales y bufandas tejidas.', 'marta.vargas@example.com', '3501234567');
INSERT INTO `artesano` (`art_id`, `art_mun_id`, `art_nombres`, `art_apellidos`, `art_razon_social`, `art_descripccion`, `art_email`, `art_celular`) VALUES(41, '15322', 'Eduardo', 'Ramos', 'Artesanías Ramos', 'Esculturas y figuras en madera.', 'eduardo.ramos@example.com', '3512345678');
INSERT INTO `artesano` (`art_id`, `art_mun_id`, `art_nombres`, `art_apellidos`, `art_razon_social`, `art_descripccion`, `art_email`, `art_celular`) VALUES(42, '15325', 'Raquel', 'Hernández', 'Cerámicas Hernández', 'Cerámicas decorativas y utilitarias.', 'raquel.hernandez@example.com', '3523456789');
INSERT INTO `artesano` (`art_id`, `art_mun_id`, `art_nombres`, `art_apellidos`, `art_razon_social`, `art_descripccion`, `art_email`, `art_celular`) VALUES(43, '15332', 'Manuel', 'García', 'Carpintería García', 'Muebles y decoraciones en madera.', 'manuel.garcia@example.com', '3534567890');
INSERT INTO `artesano` (`art_id`, `art_mun_id`, `art_nombres`, `art_apellidos`, `art_razon_social`, `art_descripccion`, `art_email`, `art_celular`) VALUES(44, '15368', 'Silvia', 'Rojas', 'Joyas Rojas', 'Joyas artesanales en oro y plata.', 'silvia.rojas@example.com', '3545678901');
INSERT INTO `artesano` (`art_id`, `art_mun_id`, `art_nombres`, `art_apellidos`, `art_razon_social`, `art_descripccion`, `art_email`, `art_celular`) VALUES(45, '15362', 'Tomás', 'Alvarez', 'Artesanías Alvarez', 'Artesanías con materiales reciclados.', 'tomas.alvarez@example.com', '3556789012');
INSERT INTO `artesano` (`art_id`, `art_mun_id`, `art_nombres`, `art_apellidos`, `art_razon_social`, `art_descripccion`, `art_email`, `art_celular`) VALUES(46, '15367', 'Elena', 'Romero', 'Tejidos Romero', 'Ropa y accesorios tejidos a mano.', 'elena.romero@example.com', '3567890123');
INSERT INTO `artesano` (`art_id`, `art_mun_id`, `art_nombres`, `art_apellidos`, `art_razon_social`, `art_descripccion`, `art_email`, `art_celular`) VALUES(47, '15455', 'Antonio', 'Morales', 'Carpintería Morales', 'Muebles rústicos y decoraciones.', 'antonio.morales@example.com', '3578901234');
INSERT INTO `artesano` (`art_id`, `art_mun_id`, `art_nombres`, `art_apellidos`, `art_razon_social`, `art_descripccion`, `art_email`, `art_celular`) VALUES(48, '15380', 'Beatriz', 'Pérez', 'Cerámicas Pérez', 'Vajillas y decoraciones en cerámica.', 'beatriz.perez@example.com', '3589012345');
INSERT INTO `artesano` (`art_id`, `art_mun_id`, `art_nombres`, `art_apellidos`, `art_razon_social`, `art_descripccion`, `art_email`, `art_celular`) VALUES(49, '15491', 'Gabriel', 'Reyes', 'Artesanías Reyes', 'Figuras decorativas en madera.', 'gabriel.reyes@example.com', '3590123456');
INSERT INTO `artesano` (`art_id`, `art_mun_id`, `art_nombres`, `art_apellidos`, `art_razon_social`, `art_descripccion`, `art_email`, `art_celular`) VALUES(50, '15522', 'Mariana', 'Ortiz', 'Joyas Ortiz', 'Anillos y collares en plata y oro.', 'mariana.ortiz@example.com', '3601234567');
